"Mean_PSI"	"Median_PSI"	"Variance_PSI"	"SD_PSI"
1498.78	1500	62.2935570469799	7.89262675203762
